"filename", "language", "C++", "comment", "blank", "total"
"/data/fangtao/MiniGit/src/infrastructure/config/app_config.cc", "C++", 0, 0, 1, 1
"/data/fangtao/MiniGit/src/infrastructure/config/app_config.h", "C++", 0, 0, 1, 1
"/data/fangtao/MiniGit/src/infrastructure/config/config_loader.cc", "C++", 45, 0, 7, 52
"/data/fangtao/MiniGit/src/infrastructure/config/config_loader.h", "C++", 31, 0, 9, 40
"/data/fangtao/MiniGit/src/infrastructure/logging/logger.cc", "C++", 25, 1, 6, 32
"/data/fangtao/MiniGit/src/infrastructure/logging/logger.h", "C++", 194, 19, 28, 241
"/data/fangtao/MiniGit/src/infrastructure/logging/logger_impl.cc", "C++", 23, 0, 5, 28
"/data/fangtao/MiniGit/src/infrastructure/logging/logger_impl.h", "C++", 10, 0, 6, 16
"/data/fangtao/MiniGit/src/main.cpp", "C++", 12, 1, 4, 17
"/data/fangtao/MiniGit/src/shared/path_utils.cc", "C++", 0, 0, 1, 1
"/data/fangtao/MiniGit/src/shared/path_utils.h", "C++", 7, 1, 4, 12
"Total", "-", 347, 22, 72, 441